company,sector,location,csr_focus_area,evidence_summary,source_url,date_found,fit_score,rationale,suggested_next_step,status
"Société Générale UK (SG UK Foundation)","Financial Services (Banking)","London","Multi-year 'Charity Partner' programme; currently selecting its next 5-year partner (2026-2031)","Open application process for their 2026+ charity partner: must work with young people in Year 10-13 from socially disadvantaged backgrounds, deliver the Young Influencers Programme at their Canary Wharf offices; funding is a minimum GBP 40,000 annual financial commitment from the business plus approx. GBP 250,000-300,000/year from staff fundraising, ad hoc donations and SG UK Foundation matching","https://www.societegenerale.co.uk/en/about/our-commitments/societe-generale-2026-charity-partner-faqs/","2026-07-02",5,"Confirmed: live, open, structured charity-partner selection process with a specific, well-funded model (GBP 40k+ core funding plus large matched fundraising) and an explicit youth/social-disadvantage brief - very high priority; note their age range (Year 10-13, i.e. ~14-18) sits at the older end of ReachOut's 9-18 range rather than the 9-14 core","Apply via the Stage 1 process at the FAQ page above, pitching ReachOut's older cohort (14-18) and its progression pathway from the 9-14 core programme","New Lead"
"Intermediate Capital Group (ICG)","Asset Management / Private Equity","London","Large recent multi-year donation to youth social mobility","Announced a GBP 1m donation to the Social Mobility Foundation over three years (June 2025)","https://www.icgam.com/who-we-are/corporate-social-responsibility/","2026-07-02",4,"Recent, large, multi-year commitment specifically to youth social mobility; London HQ","Approach ICG's CSR/foundation team referencing their existing Social Mobility Foundation commitment and ReachOut's complementary school-based mentoring model","New Lead"
"Schroders","Asset Management","London","Employee mentoring for social mobility","Employees volunteer as 1:1 mentors and run 'Futures Days' with the Social Mobility Foundation","https://www.socialmobility.org.uk/mentoring","2026-07-02",4,"Established employee-mentoring culture aligned to ReachOut's volunteer-mentor delivery model; London HQ","Pitch ReachOut's schools-based mentoring as a complementary/local addition to their existing mentoring commitments","New Lead"
"KFH (Kinleigh Folkard & Hayward)","Real Estate / Estate Agency","London","Long-running corporate charity partnership with a youth charity","Corporate partner of London Youth since 2017, raising over GBP 400,000 in unrestricted funding","https://londonyouth.org/support-us/corporate-partnerships/","2026-07-02",5,"Proven multi-year, unrestricted-funding partnership with a directly comparable London youth charity - exactly the model ReachOut should be pitching","Contact once their London Youth partnership terms are understood; position ReachOut as complementary given differing programme focus/geography","New Lead"
"Booking.com (UK)","Travel Tech / E-commerce","Manchester (programme); London (UK HQ)","Youth employment programme with direct employer mentoring","Partnered with Manchester youth-employment charities BREAKOUT and HIPPO on a youth employment programme with employer mentors and monthly check-ins, launched April 2026","https://pressat.co.uk/releases/manchester-youth-employment-charity-breakout-opens-first-programme-as-demand-grows-for-better-pathways-into-work-6145ac4a8538edd0a42fbfc581712351/","2026-07-02",4,"Very recent (Apr 2026), active Manchester youth-mentoring investment - clear appetite for more of exactly this kind of partnership","Reach out referencing the BREAKOUT/HIPPO programme; propose ReachOut as a complementary partner for the younger (9-14) end of the age range","New Lead"
"Cleary Gottlieb Steen & Hamilton (London office)","Law","London","Social mobility mentoring for school-age students","Runs mentoring for A-level students from three London schools and participates in the City Solicitors Horizons social mobility scheme","https://www.clearygottlieb.com/locations/london/legal-landing-page/why-cleary/pro-bono-and-community-service","2026-07-02",4,"Direct school-based mentoring of London students already in place - strong model fit, though current focus is older/A-level students vs ReachOut's 9-14 core","Propose a feeder relationship - ReachOut mentors younger students, Cleary Gottlieb's scheme picks up at A-level","New Lead"
"Covington & Burling LLP (London office)","Law","London","Structured mentoring programme for socially mobile students","Runs a mentoring programme pairing London office lawyers/trainees with students, including a launch event and six in-person skills sessions","https://www.cov.com/en/careers/lawyers/london/our-opportunities/mentoring-programme","2026-07-02",4,"Established, structured mentoring infrastructure and London office - good template for a comparable corporate-mentor partnership","Contact CSR/pro bono team, referencing their mentoring programme as an example of the volunteering culture ReachOut wants to plug into","New Lead"
"Womble Bond Dickinson (UK)","Law","Both (London and Manchester offices)","Social mobility mentoring via third-party partners (Envision, School Outreach Company)","Firm's Responsible Business social mobility programme partners with Envision to provide business mentors to young people","https://www.womblebonddickinson.com/uk/about/responsible-business/social-mobility","2026-07-02",4,"Rare dual London+Manchester office presence with an existing youth-mentoring CSR programme - matches ReachOut's own two-city footprint unusually well","Approach with a two-city partnership pitch (mentors in both London and Manchester ReachOut projects)","New Lead"
"Manchester United Foundation / Manchester United CSR","Sport / Media / Entertainment","Manchester","Community and youth programmes","Operates a dedicated CSR site covering community and youth-facing programmes based in Manchester","https://csr.manutd.com/","2026-07-02",3,"Very large, high-profile Manchester employer with an existing youth/community remit, but likely has many existing partners and a competitive, brand-heavy sponsorship process - needs deeper research before prioritizing","Research their Foundation's current partner roster and application process before approaching","New Lead"
"Microsoft UK","Technology","London","Youth digital skills","Named backer of the UK government's TechFirst/TechYouth programme (GBP 187m), targeting digital/AI skills for ages 11-18; also runs its own Digital & AI Skills Hub","https://www.gov.uk/government/news/pm-launches-national-skills-drive-to-unlock-opportunities-for-young-people-in-tech","2026-07-02",3,"Strong national youth digital-skills commitment and London HQ, but focus is digital skills specifically rather than the broader socio-emotional mentoring ReachOut delivers - best pitched as complementary, not core","Explore whether ReachOut's mentoring could incorporate a digital-skills module co-branded with Microsoft's existing programme","New Lead"
"BT Group","Telecommunications","London","Youth digital skills / digital inclusion","Named backer of the TechFirst/TechYouth national digital skills drive for young people","https://www.gov.uk/government/news/pm-launches-national-skills-drive-to-unlock-opportunities-for-young-people-in-tech","2026-07-02",3,"London HQ and an existing history of youth digital-inclusion CSR work; same caveat as Microsoft - digital-skills angle rather than mentoring","Investigate BT's own community/skills-fund application process (historically 'BT Skills for Tomorrow')","New Lead"
"We Love MCR Charity","Intermediary / Funder Network (not a direct corporate)","Manchester","Facilitates bespoke corporate-CSR partnerships and a youth-focused Rising Stars Fund across many Manchester employers","Publishes a corporate-partners programme and a Rising Stars Fund aimed at young people","https://www.welovemcrcharity.org/corporate-partners","2026-07-02",2,"Not a corporate prospect itself, but a channel - could introduce ReachOut to multiple Manchester corporate partners at once","Contact as a potential intermediary/channel rather than a funder directly","New Lead (channel contact)"
"Young Manchester","Intermediary / Funder Network (not a direct corporate)","Manchester","Funds and connects youth services across Manchester, including corporate-backed grant programmes","Operates as a city-wide youth funding/coordination body","https://youngmanchester.org/","2026-07-02",2,"Same as above - a potential channel into Manchester corporate funders rather than a target itself","Contact to understand which corporates currently fund through them","New Lead (channel contact)"
"Deutsche Bank UK","Financial Services (Banking)","London","Open 'Charity of the Year 2026-2028' application, explicitly youth-focused","Applications open for DB UK's Charity of the Year 2026-2028, with the brief explicitly centred on supporting youth services and empowering young people across education, financial literacy, empowerment, social inclusion, and employment access","https://www.db.com/coty","2026-07-03",5,"Second live, open, multi-year charity-partner selection process found this run, with an explicit youth-services brief and a London base - high priority alongside Societe Generale; confirm exact deadline and age-range criteria directly from the application overview","Review the application overview PDF at country.db.com/uk/responsibility for full criteria and deadline, then apply emphasising ReachOut's education/social-inclusion model","New Lead"
"Intact Insurance UK","Insurance","Both (London HQ; programme delivery originated in Manchester)","Multi-year, expanding youth-employability partnership","Renewed and expanded its partnership with UK Youth's 'Building Aspirations' programme for young people furthest from the labour market; started in Manchester and Liverpool, expanded to Halifax and Leeds, and is launching in London for the first time in 2026, reaching 360 additional young people","https://www.ukyouth.org/2026/04/building-aspirations-year-3/","2026-07-03",5,"Proven, multi-year, actively-expanding corporate youth partnership with a genuine Manchester-to-London growth story that mirrors ReachOut's own two-city footprint; London HQ at 22 Bishopsgate confirmed via Companies House","Contact Intact Insurance's UK CSR/community team referencing the Building Aspirations London launch; position ReachOut's 9-14 school-based mentoring as complementary to UK Youth's older-youth employability focus","New Lead"
"Deloitte UK","Professional Services (Accountancy / Consulting)","London","Schools-based mentoring and social mobility","Deloitte volunteers mentor pupils through a Teach First schools partnership and lead employability activities; Deloitte is a 10-year founding partner of the UpReach social mobility charity, providing 1-2-1 mentoring, workshops and work experience","https://www.deloitte.com/uk/en/about/story/impact/supporting-social-mobility.html","2026-07-03",3,"Strong, long-running mentoring culture and London HQ, but current programmes (UpReach, Teach First schools work) skew toward teenage/university-bound students rather than ReachOut's 9-14 core age range","Approach Deloitte's community investment team, referencing their Teach First schools mentoring as a template for extending support to a younger (9-14) cohort","New Lead"
"IICF UK (Insurance Industry Charitable Foundation)","Intermediary / Funder Network (insurance sector, not a direct corporate)","London","Sector-wide grant-making for social mobility, employee volunteering, literacy (2026 focus)","Independent grant-making foundation bringing the UK insurance industry together - 22 corporate partners - to fund social mobility programmes and connect employee volunteers with charities; 2026 campaign theme is literacy at every life stage","https://www.iicf.org.uk/","2026-07-03",2,"Not a direct corporate, but a channel into 22 insurance-industry corporate partners already funding social mobility work - a different sector-specific intermediary to the two Manchester ones already logged","Contact IICF UK to understand their grant round and whether ReachOut's mentoring model fits the 2026 literacy focus","New Lead (channel contact)"
